{
    "ultra_wide": [
        8,
        10,
        12,
        14
    ],
    "wide_angle": [
        16,
        18,
        20,
        24,
        28,
        30,
        35
    ],
    "standard": [
        40,
        50,
        55,
        60
    ],
    "short_telephoto": [
        70,
        85,
        90,
        100,
        105
    ],
    "medium_telephoto": [
        120,
        135,
        150,
        180,
        200
    ],
    "super_telephoto": [
        300,
        400,
        500,
        600,
        800,
        1200
    ],
    "macro": [
        50,
        60,
        90,
        100,
        105,
        150,
        180
    ],
    "zoom_ranges": [
        "10-18",
        "18-55",
        "24-70",
        "24-105",
        "28-70",
        "70-200",
        "70-300",
        "100-400",
        "150-600"
    ]
}